assetId,assetType,name,category,district,photoProvider,photoQuery,photoSearchUrl,photoApiQuery,matchRule,creditRequired
MH-WF-001,SPOT,Vajrai Waterfall,WATERFALL,Satara,Wikimedia Commons,"""Vajrai Waterfall"" Maharashtra WATERFALL",https://commons.wikimedia.org/wiki/Special:MediaSearch?type=image&search=%22Vajrai%20Waterfall%22%20Maharashtra%20WATERFALL,"""Vajrai Waterfall"" Maharashtra WATERFALL",Exact entity-name match required; otherwise keep placeholder. Never substitute a different destination.,True
MH-WF-002,SPOT,Kune Falls,WATERFALL,Pune,Wikimedia Commons,"""Kune Falls"" Maharashtra WATERFALL",https://commons.wikimedia.org/wiki/Special:MediaSearch?type=image&search=%22Kune%20Falls%22%20Maharashtra%20WATERFALL,"""Kune Falls"" Maharashtra WATERFALL",Exact entity-name match required; otherwise keep placeholder. Never substitute a different destination.,True
MH-WF-003,SPOT,Devkund Waterfall,WATERFALL,Raigad,Wikimedia Commons,"""Devkund Waterfall"" Maharashtra WATERFALL",https://commons.wikimedia.org/wiki/Special:MediaSearch?type=image&search=%22Devkund%20Waterfall%22%20Maharashtra%20WATERFALL,"""Devkund Waterfall"" Maharashtra WATERFALL",Exact entity-name match required; otherwise keep placeholder. Never substitute a different destination.,True
MH-WF-004,SPOT,Randha Falls,WATERFALL,Ahmednagar,Wikimedia Commons,"""Randha Falls"" Maharashtra WATERFALL",https://commons.wikimedia.org/wiki/Special:MediaSearch?type=image&search=%22Randha%20Falls%22%20Maharashtra%20WATERFALL,"""Randha Falls"" Maharashtra WATERFALL",Exact entity-name match required; otherwise keep placeholder. Never substitute a different destination.,True
MH-WF-005,SPOT,Umbrella Falls,WATERFALL,Ahmednagar,Wikimedia Commons,"""Umbrella Falls"" Maharashtra WATERFALL",https://commons.wikimedia.org/wiki/Special:MediaSearch?type=image&search=%22Umbrella%20Falls%22%20Maharashtra%20WATERFALL,"""Umbrella Falls"" Maharashtra WATERFALL",Exact entity-name match required; otherwise keep placeholder. Never substitute a different destination.,True
MH-WF-006,SPOT,Thoseghar Waterfall,WATERFALL,Satara,Wikimedia Commons,"""Thoseghar Waterfall"" Maharashtra WATERFALL",https://commons.wikimedia.org/wiki/Special:MediaSearch?type=image&search=%22Thoseghar%20Waterfall%22%20Maharashtra%20WATERFALL,"""Thoseghar Waterfall"" Maharashtra WATERFALL",Exact entity-name match required; otherwise keep placeholder. Never substitute a different destination.,True
MH-WF-007,SPOT,Marleshwar Waterfall,WATERFALL,Ratnagiri,Wikimedia Commons,"""Marleshwar Waterfall"" Maharashtra WATERFALL",https://commons.wikimedia.org/wiki/Special:MediaSearch?type=image&search=%22Marleshwar%20Waterfall%22%20Maharashtra%20WATERFALL,"""Marleshwar Waterfall"" Maharashtra WATERFALL",Exact entity-name match required; otherwise keep placeholder. Never substitute a different destination.,True
MH-WF-008,SPOT,Amboli / Nangartas Waterfall,WATERFALL,Sindhudurg,Wikimedia Commons,"""Amboli / Nangartas Waterfall"" Maharashtra WATERFALL",https://commons.wikimedia.org/wiki/Special:MediaSearch?type=image&search=%22Amboli%20/%20Nangartas%20Waterfall%22%20Maharashtra%20WATERFALL,"""Amboli / Nangartas Waterfall"" Maharashtra WATERFALL",Exact entity-name match required; otherwise keep placeholder. Never substitute a different destination.,True
MH-WF-009,SPOT,Ozarde Waterfall,WATERFALL,Pune,Wikimedia Commons,"""Ozarde Waterfall"" Maharashtra WATERFALL",https://commons.wikimedia.org/wiki/Special:MediaSearch?type=image&search=%22Ozarde%20Waterfall%22%20Maharashtra%20WATERFALL,"""Ozarde Waterfall"" Maharashtra WATERFALL",Exact entity-name match required; otherwise keep placeholder. Never substitute a different destination.,True
MH-WF-010,SPOT,Pandavkada Falls,WATERFALL,Raigad,Wikimedia Commons,"""Pandavkada Falls"" Maharashtra WATERFALL",https://commons.wikimedia.org/wiki/Special:MediaSearch?type=image&search=%22Pandavkada%20Falls%22%20Maharashtra%20WATERFALL,"""Pandavkada Falls"" Maharashtra WATERFALL",Exact entity-name match required; otherwise keep placeholder. Never substitute a different destination.,True
MH-WF-011,SPOT,Palasdari Waterfall,WATERFALL,Nashik,Wikimedia Commons,"""Palasdari Waterfall"" Maharashtra WATERFALL",https://commons.wikimedia.org/wiki/Special:MediaSearch?type=image&search=%22Palasdari%20Waterfall%22%20Maharashtra%20WATERFALL,"""Palasdari Waterfall"" Maharashtra WATERFALL",Exact entity-name match required; otherwise keep placeholder. Never substitute a different destination.,True
MH-WF-012,SPOT,Someshwar Waterfall,WATERFALL,Satara,Wikimedia Commons,"""Someshwar Waterfall"" Maharashtra WATERFALL",https://commons.wikimedia.org/wiki/Special:MediaSearch?type=image&search=%22Someshwar%20Waterfall%22%20Maharashtra%20WATERFALL,"""Someshwar Waterfall"" Maharashtra WATERFALL",Exact entity-name match required; otherwise keep placeholder. Never substitute a different destination.,True
MH-WF-013,SPOT,Chinaman & Dhobi Waterfalls,WATERFALL,Raigad,Wikimedia Commons,"""Chinaman & Dhobi Waterfalls"" Maharashtra WATERFALL",https://commons.wikimedia.org/wiki/Special:MediaSearch?type=image&search=%22Chinaman%20%26%20Dhobi%20Waterfalls%22%20Maharashtra%20WATERFALL,"""Chinaman & Dhobi Waterfalls"" Maharashtra WATERFALL",Exact entity-name match required; otherwise keep placeholder. Never substitute a different destination.,True
MH-WF-014,SPOT,Linganmala Waterfall,WATERFALL,Ahmednagar,Wikimedia Commons,"""Linganmala Waterfall"" Maharashtra WATERFALL",https://commons.wikimedia.org/wiki/Special:MediaSearch?type=image&search=%22Linganmala%20Waterfall%22%20Maharashtra%20WATERFALL,"""Linganmala Waterfall"" Maharashtra WATERFALL",Exact entity-name match required; otherwise keep placeholder. Never substitute a different destination.,True
MH-VL-001,SPOT,Sandhan Valley (Valley of Shadows),VALLEY,Ahmednagar,Wikimedia Commons,"""Sandhan Valley (Valley of Shadows)"" Maharashtra VALLEY",https://commons.wikimedia.org/wiki/Special:MediaSearch?type=image&search=%22Sandhan%20Valley%20%28Valley%20of%20Shadows%29%22%20Maharashtra%20VALLEY,"""Sandhan Valley (Valley of Shadows)"" Maharashtra VALLEY",Exact entity-name match required; otherwise keep placeholder. Never substitute a different destination.,True
MH-VL-002,SPOT,Konkan Kada,VALLEY,Ahmednagar,Wikimedia Commons,"""Konkan Kada"" Maharashtra VALLEY",https://commons.wikimedia.org/wiki/Special:MediaSearch?type=image&search=%22Konkan%20Kada%22%20Maharashtra%20VALLEY,"""Konkan Kada"" Maharashtra VALLEY",Exact entity-name match required; otherwise keep placeholder. Never substitute a different destination.,True
MH-VL-003,SPOT,Rajmachi Valley,VALLEY,Pune,Wikimedia Commons,"""Rajmachi Valley"" Maharashtra VALLEY",https://commons.wikimedia.org/wiki/Special:MediaSearch?type=image&search=%22Rajmachi%20Valley%22%20Maharashtra%20VALLEY,"""Rajmachi Valley"" Maharashtra VALLEY",Exact entity-name match required; otherwise keep placeholder. Never substitute a different destination.,True
MH-VL-004,SPOT,Mulshi Valley,VALLEY,Pune,Wikimedia Commons,"""Mulshi Valley"" Maharashtra VALLEY",https://commons.wikimedia.org/wiki/Special:MediaSearch?type=image&search=%22Mulshi%20Valley%22%20Maharashtra%20VALLEY,"""Mulshi Valley"" Maharashtra VALLEY",Exact entity-name match required; otherwise keep placeholder. Never substitute a different destination.,True
MH-VL-005,SPOT,Tamhini Ghat Valley,VALLEY,Pune,Wikimedia Commons,"""Tamhini Ghat Valley"" Maharashtra VALLEY",https://commons.wikimedia.org/wiki/Special:MediaSearch?type=image&search=%22Tamhini%20Ghat%20Valley%22%20Maharashtra%20VALLEY,"""Tamhini Ghat Valley"" Maharashtra VALLEY",Exact entity-name match required; otherwise keep placeholder. Never substitute a different destination.,True
MH-VL-006,SPOT,Velhe Valley,VALLEY,Pune,Wikimedia Commons,"""Velhe Valley"" Maharashtra VALLEY",https://commons.wikimedia.org/wiki/Special:MediaSearch?type=image&search=%22Velhe%20Valley%22%20Maharashtra%20VALLEY,"""Velhe Valley"" Maharashtra VALLEY",Exact entity-name match required; otherwise keep placeholder. Never substitute a different destination.,True
MH-VL-007,SPOT,Bhimashankar Valley,VALLEY,Pune,Wikimedia Commons,"""Bhimashankar Valley"" Maharashtra VALLEY",https://commons.wikimedia.org/wiki/Special:MediaSearch?type=image&search=%22Bhimashankar%20Valley%22%20Maharashtra%20VALLEY,"""Bhimashankar Valley"" Maharashtra VALLEY",Exact entity-name match required; otherwise keep placeholder. Never substitute a different destination.,True
MH-VL-008,SPOT,Karnala Valley,VALLEY,Raigad,Wikimedia Commons,"""Karnala Valley"" Maharashtra VALLEY",https://commons.wikimedia.org/wiki/Special:MediaSearch?type=image&search=%22Karnala%20Valley%22%20Maharashtra%20VALLEY,"""Karnala Valley"" Maharashtra VALLEY",Exact entity-name match required; otherwise keep placeholder. Never substitute a different destination.,True
MH-VL-009,SPOT,Panshet Valley,VALLEY,Pune,Wikimedia Commons,"""Panshet Valley"" Maharashtra VALLEY",https://commons.wikimedia.org/wiki/Special:MediaSearch?type=image&search=%22Panshet%20Valley%22%20Maharashtra%20VALLEY,"""Panshet Valley"" Maharashtra VALLEY",Exact entity-name match required; otherwise keep placeholder. Never substitute a different destination.,True
MH-HS-001,SPOT,Mahabaleshwar,HILL STATION,Satara,Wikimedia Commons,"""Mahabaleshwar"" Maharashtra HILL STATION",https://commons.wikimedia.org/wiki/Special:MediaSearch?type=image&search=%22Mahabaleshwar%22%20Maharashtra%20HILL%20STATION,"""Mahabaleshwar"" Maharashtra HILL STATION",Exact entity-name match required; otherwise keep placeholder. Never substitute a different destination.,True
MH-HS-002,SPOT,Panchgani,HILL STATION,Satara,Wikimedia Commons,"""Panchgani"" Maharashtra HILL STATION",https://commons.wikimedia.org/wiki/Special:MediaSearch?type=image&search=%22Panchgani%22%20Maharashtra%20HILL%20STATION,"""Panchgani"" Maharashtra HILL STATION",Exact entity-name match required; otherwise keep placeholder. Never substitute a different destination.,True
MH-HS-003,SPOT,Matheran,HILL STATION,Raigad,Wikimedia Commons,"""Matheran"" Maharashtra HILL STATION",https://commons.wikimedia.org/wiki/Special:MediaSearch?type=image&search=%22Matheran%22%20Maharashtra%20HILL%20STATION,"""Matheran"" Maharashtra HILL STATION",Exact entity-name match required; otherwise keep placeholder. Never substitute a different destination.,True
MH-HS-004,SPOT,Lonavala,HILL STATION,Pune,Wikimedia Commons,"""Lonavala"" Maharashtra HILL STATION",https://commons.wikimedia.org/wiki/Special:MediaSearch?type=image&search=%22Lonavala%22%20Maharashtra%20HILL%20STATION,"""Lonavala"" Maharashtra HILL STATION",Exact entity-name match required; otherwise keep placeholder. Never substitute a different destination.,True
MH-HS-005,SPOT,Khandala,HILL STATION,Pune,Wikimedia Commons,"""Khandala"" Maharashtra HILL STATION",https://commons.wikimedia.org/wiki/Special:MediaSearch?type=image&search=%22Khandala%22%20Maharashtra%20HILL%20STATION,"""Khandala"" Maharashtra HILL STATION",Exact entity-name match required; otherwise keep placeholder. Never substitute a different destination.,True
MH-HS-006,SPOT,Chikhaldara,HILL STATION,Amravati,Wikimedia Commons,"""Chikhaldara"" Maharashtra HILL STATION",https://commons.wikimedia.org/wiki/Special:MediaSearch?type=image&search=%22Chikhaldara%22%20Maharashtra%20HILL%20STATION,"""Chikhaldara"" Maharashtra HILL STATION",Exact entity-name match required; otherwise keep placeholder. Never substitute a different destination.,True
MH-HS-007,SPOT,Toranmal,HILL STATION,Nandurbar,Wikimedia Commons,"""Toranmal"" Maharashtra HILL STATION",https://commons.wikimedia.org/wiki/Special:MediaSearch?type=image&search=%22Toranmal%22%20Maharashtra%20HILL%20STATION,"""Toranmal"" Maharashtra HILL STATION",Exact entity-name match required; otherwise keep placeholder. Never substitute a different destination.,True
MH-HS-008,SPOT,Bhandardara,HILL STATION,Ahmednagar,Wikimedia Commons,"""Bhandardara"" Maharashtra HILL STATION",https://commons.wikimedia.org/wiki/Special:MediaSearch?type=image&search=%22Bhandardara%22%20Maharashtra%20HILL%20STATION,"""Bhandardara"" Maharashtra HILL STATION",Exact entity-name match required; otherwise keep placeholder. Never substitute a different destination.,True
MH-HS-009,SPOT,Igatpuri,HILL STATION,Nashik,Wikimedia Commons,"""Igatpuri"" Maharashtra HILL STATION",https://commons.wikimedia.org/wiki/Special:MediaSearch?type=image&search=%22Igatpuri%22%20Maharashtra%20HILL%20STATION,"""Igatpuri"" Maharashtra HILL STATION",Exact entity-name match required; otherwise keep placeholder. Never substitute a different destination.,True
MH-HS-010,SPOT,Jawhar,HILL STATION,Palghar,Wikimedia Commons,"""Jawhar"" Maharashtra HILL STATION",https://commons.wikimedia.org/wiki/Special:MediaSearch?type=image&search=%22Jawhar%22%20Maharashtra%20HILL%20STATION,"""Jawhar"" Maharashtra HILL STATION",Exact entity-name match required; otherwise keep placeholder. Never substitute a different destination.,True
MH-HS-011,SPOT,Amboli,HILL STATION,Sindhudurg,Wikimedia Commons,"""Amboli"" Maharashtra HILL STATION",https://commons.wikimedia.org/wiki/Special:MediaSearch?type=image&search=%22Amboli%22%20Maharashtra%20HILL%20STATION,"""Amboli"" Maharashtra HILL STATION",Exact entity-name match required; otherwise keep placeholder. Never substitute a different destination.,True
MH-HS-012,SPOT,Panhala,HILL STATION,Kolhapur,Wikimedia Commons,"""Panhala"" Maharashtra HILL STATION",https://commons.wikimedia.org/wiki/Special:MediaSearch?type=image&search=%22Panhala%22%20Maharashtra%20HILL%20STATION,"""Panhala"" Maharashtra HILL STATION",Exact entity-name match required; otherwise keep placeholder. Never substitute a different destination.,True
MH-BC-001,SPOT,Alibaug Beach,BEACH,Raigad,Wikimedia Commons,"""Alibaug Beach"" Maharashtra BEACH",https://commons.wikimedia.org/wiki/Special:MediaSearch?type=image&search=%22Alibaug%20Beach%22%20Maharashtra%20BEACH,"""Alibaug Beach"" Maharashtra BEACH",Exact entity-name match required; otherwise keep placeholder. Never substitute a different destination.,True
MH-BC-002,SPOT,Kashid Beach,BEACH,Raigad,Wikimedia Commons,"""Kashid Beach"" Maharashtra BEACH",https://commons.wikimedia.org/wiki/Special:MediaSearch?type=image&search=%22Kashid%20Beach%22%20Maharashtra%20BEACH,"""Kashid Beach"" Maharashtra BEACH",Exact entity-name match required; otherwise keep placeholder. Never substitute a different destination.,True
MH-BC-003,SPOT,Murud Beach,BEACH,Raigad,Wikimedia Commons,"""Murud Beach"" Maharashtra BEACH",https://commons.wikimedia.org/wiki/Special:MediaSearch?type=image&search=%22Murud%20Beach%22%20Maharashtra%20BEACH,"""Murud Beach"" Maharashtra BEACH",Exact entity-name match required; otherwise keep placeholder. Never substitute a different destination.,True
MH-BC-004,SPOT,Diveagar Beach,BEACH,Raigad,Wikimedia Commons,"""Diveagar Beach"" Maharashtra BEACH",https://commons.wikimedia.org/wiki/Special:MediaSearch?type=image&search=%22Diveagar%20Beach%22%20Maharashtra%20BEACH,"""Diveagar Beach"" Maharashtra BEACH",Exact entity-name match required; otherwise keep placeholder. Never substitute a different destination.,True
MH-BC-005,SPOT,Harihareshwar Beach,BEACH,Raigad,Wikimedia Commons,"""Harihareshwar Beach"" Maharashtra BEACH",https://commons.wikimedia.org/wiki/Special:MediaSearch?type=image&search=%22Harihareshwar%20Beach%22%20Maharashtra%20BEACH,"""Harihareshwar Beach"" Maharashtra BEACH",Exact entity-name match required; otherwise keep placeholder. Never substitute a different destination.,True
MH-BC-006,SPOT,Ganpatipule Beach,BEACH,Ratnagiri,Wikimedia Commons,"""Ganpatipule Beach"" Maharashtra BEACH",https://commons.wikimedia.org/wiki/Special:MediaSearch?type=image&search=%22Ganpatipule%20Beach%22%20Maharashtra%20BEACH,"""Ganpatipule Beach"" Maharashtra BEACH",Exact entity-name match required; otherwise keep placeholder. Never substitute a different destination.,True
MH-BC-007,SPOT,Tarkarli Beach,BEACH,Sindhudurg,Wikimedia Commons,"""Tarkarli Beach"" Maharashtra BEACH",https://commons.wikimedia.org/wiki/Special:MediaSearch?type=image&search=%22Tarkarli%20Beach%22%20Maharashtra%20BEACH,"""Tarkarli Beach"" Maharashtra BEACH",Exact entity-name match required; otherwise keep placeholder. Never substitute a different destination.,True
MH-BC-008,SPOT,Malvan Beach,BEACH,Sindhudurg,Wikimedia Commons,"""Malvan Beach"" Maharashtra BEACH",https://commons.wikimedia.org/wiki/Special:MediaSearch?type=image&search=%22Malvan%20Beach%22%20Maharashtra%20BEACH,"""Malvan Beach"" Maharashtra BEACH",Exact entity-name match required; otherwise keep placeholder. Never substitute a different destination.,True
MH-BC-009,SPOT,Vengurla Beach,BEACH,Sindhudurg,Wikimedia Commons,"""Vengurla Beach"" Maharashtra BEACH",https://commons.wikimedia.org/wiki/Special:MediaSearch?type=image&search=%22Vengurla%20Beach%22%20Maharashtra%20BEACH,"""Vengurla Beach"" Maharashtra BEACH",Exact entity-name match required; otherwise keep placeholder. Never substitute a different destination.,True
MH-BC-010,SPOT,Guhagar Beach,BEACH,Ratnagiri,Wikimedia Commons,"""Guhagar Beach"" Maharashtra BEACH",https://commons.wikimedia.org/wiki/Special:MediaSearch?type=image&search=%22Guhagar%20Beach%22%20Maharashtra%20BEACH,"""Guhagar Beach"" Maharashtra BEACH",Exact entity-name match required; otherwise keep placeholder. Never substitute a different destination.,True
MH-BC-011,SPOT,Velneshwar Beach,BEACH,Ratnagiri,Wikimedia Commons,"""Velneshwar Beach"" Maharashtra BEACH",https://commons.wikimedia.org/wiki/Special:MediaSearch?type=image&search=%22Velneshwar%20Beach%22%20Maharashtra%20BEACH,"""Velneshwar Beach"" Maharashtra BEACH",Exact entity-name match required; otherwise keep placeholder. Never substitute a different destination.,True
MH-BC-012,SPOT,Karde Beach,BEACH,Ratnagiri,Wikimedia Commons,"""Karde Beach"" Maharashtra BEACH",https://commons.wikimedia.org/wiki/Special:MediaSearch?type=image&search=%22Karde%20Beach%22%20Maharashtra%20BEACH,"""Karde Beach"" Maharashtra BEACH",Exact entity-name match required; otherwise keep placeholder. Never substitute a different destination.,True
MH-BC-013,SPOT,Anjarle Beach,BEACH,Ratnagiri,Wikimedia Commons,"""Anjarle Beach"" Maharashtra BEACH",https://commons.wikimedia.org/wiki/Special:MediaSearch?type=image&search=%22Anjarle%20Beach%22%20Maharashtra%20BEACH,"""Anjarle Beach"" Maharashtra BEACH",Exact entity-name match required; otherwise keep placeholder. Never substitute a different destination.,True
MH-BC-014,SPOT,Kelva Beach,BEACH,Palghar,Wikimedia Commons,"""Kelva Beach"" Maharashtra BEACH",https://commons.wikimedia.org/wiki/Special:MediaSearch?type=image&search=%22Kelva%20Beach%22%20Maharashtra%20BEACH,"""Kelva Beach"" Maharashtra BEACH",Exact entity-name match required; otherwise keep placeholder. Never substitute a different destination.,True
MH-BC-015,SPOT,Bordi Beach,BEACH,Palghar,Wikimedia Commons,"""Bordi Beach"" Maharashtra BEACH",https://commons.wikimedia.org/wiki/Special:MediaSearch?type=image&search=%22Bordi%20Beach%22%20Maharashtra%20BEACH,"""Bordi Beach"" Maharashtra BEACH",Exact entity-name match required; otherwise keep placeholder. Never substitute a different destination.,True
MH-CP-001,SPOT,Malshej Ghat,CLOUD POINT,Thane,Wikimedia Commons,"""Malshej Ghat"" Maharashtra CLOUD POINT",https://commons.wikimedia.org/wiki/Special:MediaSearch?type=image&search=%22Malshej%20Ghat%22%20Maharashtra%20CLOUD%20POINT,"""Malshej Ghat"" Maharashtra CLOUD POINT",Exact entity-name match required; otherwise keep placeholder. Never substitute a different destination.,True
MH-CP-002,SPOT,Kaas Plateau,CLOUD POINT,Satara,Wikimedia Commons,"""Kaas Plateau"" Maharashtra CLOUD POINT",https://commons.wikimedia.org/wiki/Special:MediaSearch?type=image&search=%22Kaas%20Plateau%22%20Maharashtra%20CLOUD%20POINT,"""Kaas Plateau"" Maharashtra CLOUD POINT",Exact entity-name match required; otherwise keep placeholder. Never substitute a different destination.,True
MH-CP-003,SPOT,Panchgani Table Land,CLOUD POINT,Satara,Wikimedia Commons,"""Panchgani Table Land"" Maharashtra CLOUD POINT",https://commons.wikimedia.org/wiki/Special:MediaSearch?type=image&search=%22Panchgani%20Table%20Land%22%20Maharashtra%20CLOUD%20POINT,"""Panchgani Table Land"" Maharashtra CLOUD POINT",Exact entity-name match required; otherwise keep placeholder. Never substitute a different destination.,True
MH-CP-004,SPOT,Cloud's End & Echo Point,CLOUD POINT,Raigad,Wikimedia Commons,"""Cloud's End & Echo Point"" Maharashtra CLOUD POINT",https://commons.wikimedia.org/wiki/Special:MediaSearch?type=image&search=%22Cloud%27s%20End%20%26%20Echo%20Point%22%20Maharashtra%20CLOUD%20POINT,"""Cloud's End & Echo Point"" Maharashtra CLOUD POINT",Exact entity-name match required; otherwise keep placeholder. Never substitute a different destination.,True
MH-CP-005,SPOT,Tiger's Leap & Duke's Nose,CLOUD POINT,Pune,Wikimedia Commons,"""Tiger's Leap & Duke's Nose"" Maharashtra CLOUD POINT",https://commons.wikimedia.org/wiki/Special:MediaSearch?type=image&search=%22Tiger%27s%20Leap%20%26%20Duke%27s%20Nose%22%20Maharashtra%20CLOUD%20POINT,"""Tiger's Leap & Duke's Nose"" Maharashtra CLOUD POINT",Exact entity-name match required; otherwise keep placeholder. Never substitute a different destination.,True
MH-CP-006,SPOT,Amboli Ghat Viewpoint,CLOUD POINT,Sindhudurg,Wikimedia Commons,"""Amboli Ghat Viewpoint"" Maharashtra CLOUD POINT",https://commons.wikimedia.org/wiki/Special:MediaSearch?type=image&search=%22Amboli%20Ghat%20Viewpoint%22%20Maharashtra%20CLOUD%20POINT,"""Amboli Ghat Viewpoint"" Maharashtra CLOUD POINT",Exact entity-name match required; otherwise keep placeholder. Never substitute a different destination.,True
MH-PK-001,SPOT,Kalsubai,PEAK,Ahmednagar,Wikimedia Commons,"""Kalsubai"" Maharashtra PEAK",https://commons.wikimedia.org/wiki/Special:MediaSearch?type=image&search=%22Kalsubai%22%20Maharashtra%20PEAK,"""Kalsubai"" Maharashtra PEAK",Exact entity-name match required; otherwise keep placeholder. Never substitute a different destination.,True
MH-PK-002,SPOT,Salher,PEAK,Nashik,Wikimedia Commons,"""Salher"" Maharashtra PEAK",https://commons.wikimedia.org/wiki/Special:MediaSearch?type=image&search=%22Salher%22%20Maharashtra%20PEAK,"""Salher"" Maharashtra PEAK",Exact entity-name match required; otherwise keep placeholder. Never substitute a different destination.,True
MH-PK-003,SPOT,Taramati Peak (Harishchandragad),PEAK,Ahmednagar,Wikimedia Commons,"""Taramati Peak (Harishchandragad)"" Maharashtra PEAK",https://commons.wikimedia.org/wiki/Special:MediaSearch?type=image&search=%22Taramati%20Peak%20%28Harishchandragad%29%22%20Maharashtra%20PEAK,"""Taramati Peak (Harishchandragad)"" Maharashtra PEAK",Exact entity-name match required; otherwise keep placeholder. Never substitute a different destination.,True
MH-PK-004,SPOT,Saptashrungi,PEAK,Nashik,Wikimedia Commons,"""Saptashrungi"" Maharashtra PEAK",https://commons.wikimedia.org/wiki/Special:MediaSearch?type=image&search=%22Saptashrungi%22%20Maharashtra%20PEAK,"""Saptashrungi"" Maharashtra PEAK",Exact entity-name match required; otherwise keep placeholder. Never substitute a different destination.,True
MH-PK-005,SPOT,Anjaneri,PEAK,Nashik,Wikimedia Commons,"""Anjaneri"" Maharashtra PEAK",https://commons.wikimedia.org/wiki/Special:MediaSearch?type=image&search=%22Anjaneri%22%20Maharashtra%20PEAK,"""Anjaneri"" Maharashtra PEAK",Exact entity-name match required; otherwise keep placeholder. Never substitute a different destination.,True
MH-PK-006,SPOT,Astambha Peak,PEAK,Nandurbar,Wikimedia Commons,"""Astambha Peak"" Maharashtra PEAK",https://commons.wikimedia.org/wiki/Special:MediaSearch?type=image&search=%22Astambha%20Peak%22%20Maharashtra%20PEAK,"""Astambha Peak"" Maharashtra PEAK",Exact entity-name match required; otherwise keep placeholder. Never substitute a different destination.,True
MH-PK-007,SPOT,Bhimashankar Peak (Ganesh Ghat),PEAK,Pune,Wikimedia Commons,"""Bhimashankar Peak (Ganesh Ghat)"" Maharashtra PEAK",https://commons.wikimedia.org/wiki/Special:MediaSearch?type=image&search=%22Bhimashankar%20Peak%20%28Ganesh%20Ghat%29%22%20Maharashtra%20PEAK,"""Bhimashankar Peak (Ganesh Ghat)"" Maharashtra PEAK",Exact entity-name match required; otherwise keep placeholder. Never substitute a different destination.,True
MH-AV-001,SPOT,Moreshwar Ganpati,ASHTAVINAYAK,Pune,Wikimedia Commons,"""Moreshwar Ganpati"" Maharashtra ASHTAVINAYAK",https://commons.wikimedia.org/wiki/Special:MediaSearch?type=image&search=%22Moreshwar%20Ganpati%22%20Maharashtra%20ASHTAVINAYAK,"""Moreshwar Ganpati"" Maharashtra ASHTAVINAYAK",Exact entity-name match required; otherwise keep placeholder. Never substitute a different destination.,True
MH-AV-002,SPOT,"Siddhivinayak, Siddhatek",ASHTAVINAYAK,Ahmednagar,Wikimedia Commons,"""Siddhivinayak, Siddhatek"" Maharashtra ASHTAVINAYAK",https://commons.wikimedia.org/wiki/Special:MediaSearch?type=image&search=%22Siddhivinayak%2C%20Siddhatek%22%20Maharashtra%20ASHTAVINAYAK,"""Siddhivinayak, Siddhatek"" Maharashtra ASHTAVINAYAK",Exact entity-name match required; otherwise keep placeholder. Never substitute a different destination.,True
MH-AV-003,SPOT,"Ballaleshwar, Pali",ASHTAVINAYAK,Raigad,Wikimedia Commons,"""Ballaleshwar, Pali"" Maharashtra ASHTAVINAYAK",https://commons.wikimedia.org/wiki/Special:MediaSearch?type=image&search=%22Ballaleshwar%2C%20Pali%22%20Maharashtra%20ASHTAVINAYAK,"""Ballaleshwar, Pali"" Maharashtra ASHTAVINAYAK",Exact entity-name match required; otherwise keep placeholder. Never substitute a different destination.,True
MH-AV-004,SPOT,"Varadavinayak, Mahad",ASHTAVINAYAK,Raigad,Wikimedia Commons,"""Varadavinayak, Mahad"" Maharashtra ASHTAVINAYAK",https://commons.wikimedia.org/wiki/Special:MediaSearch?type=image&search=%22Varadavinayak%2C%20Mahad%22%20Maharashtra%20ASHTAVINAYAK,"""Varadavinayak, Mahad"" Maharashtra ASHTAVINAYAK",Exact entity-name match required; otherwise keep placeholder. Never substitute a different destination.,True
MH-AV-005,SPOT,"Chintamani, Theur",ASHTAVINAYAK,Pune,Wikimedia Commons,"""Chintamani, Theur"" Maharashtra ASHTAVINAYAK",https://commons.wikimedia.org/wiki/Special:MediaSearch?type=image&search=%22Chintamani%2C%20Theur%22%20Maharashtra%20ASHTAVINAYAK,"""Chintamani, Theur"" Maharashtra ASHTAVINAYAK",Exact entity-name match required; otherwise keep placeholder. Never substitute a different destination.,True
MH-AV-006,SPOT,"Girijatmaj, Lenyadri",ASHTAVINAYAK,Pune,Wikimedia Commons,"""Girijatmaj, Lenyadri"" Maharashtra ASHTAVINAYAK",https://commons.wikimedia.org/wiki/Special:MediaSearch?type=image&search=%22Girijatmaj%2C%20Lenyadri%22%20Maharashtra%20ASHTAVINAYAK,"""Girijatmaj, Lenyadri"" Maharashtra ASHTAVINAYAK",Exact entity-name match required; otherwise keep placeholder. Never substitute a different destination.,True
MH-AV-007,SPOT,"Vighnahar, Ozar",ASHTAVINAYAK,Pune,Wikimedia Commons,"""Vighnahar, Ozar"" Maharashtra ASHTAVINAYAK",https://commons.wikimedia.org/wiki/Special:MediaSearch?type=image&search=%22Vighnahar%2C%20Ozar%22%20Maharashtra%20ASHTAVINAYAK,"""Vighnahar, Ozar"" Maharashtra ASHTAVINAYAK",Exact entity-name match required; otherwise keep placeholder. Never substitute a different destination.,True
MH-AV-008,SPOT,"Mahaganapati, Ranjangaon",ASHTAVINAYAK,Pune,Wikimedia Commons,"""Mahaganapati, Ranjangaon"" Maharashtra ASHTAVINAYAK",https://commons.wikimedia.org/wiki/Special:MediaSearch?type=image&search=%22Mahaganapati%2C%20Ranjangaon%22%20Maharashtra%20ASHTAVINAYAK,"""Mahaganapati, Ranjangaon"" Maharashtra ASHTAVINAYAK",Exact entity-name match required; otherwise keep placeholder. Never substitute a different destination.,True
